{"cameraMode":{"drawMode":0,"name":"Shaded","section":"Shading Mode"},"sceneLighting":true,"audioPlay":false,"sceneViewState":{"showFog":false,"showMaterialUpdate":false,"showSkybox":false,"showFlares":false,"showImageEffects":false,"showParticleSystems":false},"in2DMode":false,"pivot":{"x":2.933842658996582,"y":0.26246190071105959,"z":1.2281122207641602},"rotation":{"x":0.1663660705089569,"y":-0.17324452102184297,"z":0.029707567766308786,"w":0.9702828526496887},"size":6.438268661499023,"orthographic":false}