{"cameraMode":{"drawMode":0,"name":"Shaded","section":"Shading Mode"},"sceneLighting":true,"audioPlay":false,"sceneViewState":{"showFog":false,"showMaterialUpdate":false,"showSkybox":false,"showFlares":false,"showImageEffects":false,"showParticleSystems":false},"in2DMode":false,"pivot":{"x":-1.2930679321289063,"y":1.0735313892364503,"z":-10.512767791748047},"rotation":{"x":0.016811562702059747,"y":0.9651709794998169,"z":-0.064094677567482,"w":0.25312697887420657},"size":28.777917861938478,"orthographic":false}